path,Black_Hair,Blond_Hair,Blurry,Brown_Hair,Gray_Hair,Straight_Hair,Wavy_Hair,Wearing_Hat,Young,Bald,Receding_Hairline,Male,Hair_Stage
9.jpg,-1,-1,-1,1,-1,-1,-1,-1,1,-1,-1,1,1
10.jpg,-1,-1,-1,-1,-1,-1,-1,-1,-1,-1,1,1,4
30.jpg,-1,-1,-1,-1,-1,-1,-1,-1,1,-1,-1,1,1
32.jpg,1,-1,-1,-1,-1,-1,-1,-1,1,-1,-1,1,1
37.jpg,-1,-1,-1,-1,-1,-1,-1,-1,-1,1,1,1,2
39.jpg,-1,-1,-1,1,-1,-1,-1,-1,1,-1,-1,1,1
40.jpg,-1,-1,-1,1,-1,-1,-1,-1,1,-1,-1,1,1
43.jpg,1,-1,-1,-1,-1,-1,-1,1,1,-1,-1,1,1
49.jpg,-1,-1,-1,-1,-1,1,-1,-1,-1,-1,-1,1,1
52.jpg,-1,-1,-1,-1,-1,1,-1,-1,-1,-1,-1,1,1
62.jpg,-1,-1,-1,-1,-1,1,-1,-1,-1,-1,-1,1,1
64.jpg,-1,-1,-1,-1,1,-1,-1,-1,-1,1,1,1,4
80.jpg,-1,-1,-1,-1,-1,-1,-1,-1,-1,-1,-1,1,1
89.jpg,1,-1,-1,-1,-1,1,-1,-1,1,-1,-1,1,1
92.jpg,-1,-1,-1,-1,-1,-1,-1,-1,1,-1,-1,1,1
96.jpg,-1,-1,-1,-1,-1,-1,1,-1,-1,-1,-1,1,2
97.jpg,-1,-1,-1,-1,1,-1,-1,-1,-1,-1,-1,1,2
113.jpg,-1,-1,-1,1,-1,1,-1,-1,1,-1,-1,1,1
115.jpg,-1,-1,-1,-1,1,-1,-1,-1,-1,1,-1,1,2
132.jpg,-1,-1,-1,-1,1,-1,-1,-1,-1,-1,1,1,3
133.jpg,-1,-1,-1,-1,1,-1,-1,-1,-1,-1,-1,1,1
134.jpg,-1,-1,-1,-1,-1,-1,-1,-1,1,-1,1,1,2
138.jpg,-1,-1,1,-1,-1,-1,-1,-1,-1,1,-1,1,4
142.jpg,-1,-1,-1,-1,-1,-1,-1,-1,1,-1,-1,1,2
149.jpg,-1,-1,-1,-1,1,-1,-1,-1,-1,-1,-1,1,2
151.jpg,-1,-1,-1,-1,-1,-1,-1,-1,-1,-1,-1,1,1
157.jpg,-1,-1,-1,-1,-1,-1,1,-1,-1,-1,-1,1,1
164.jpg,-1,-1,-1,-1,-1,-1,1,-1,1,-1,-1,1,1
168.jpg,1,-1,-1,-1,-1,-1,-1,-1,1,-1,-1,1,2
178.jpg,1,-1,-1,-1,-1,-1,-1,-1,1,-1,-1,1,1
180.jpg,-1,-1,-1,-1,-1,-1,1,-1,-1,-1,-1,1,1
194.jpg,-1,-1,-1,-1,1,-1,-1,-1,-1,-1,-1,1,2
196.jpg,-1,-1,-1,-1,-1,-1,-1,-1,-1,-1,-1,1,1
200.jpg,1,-1,-1,-1,-1,-1,-1,-1,1,-1,1,1,1
211.jpg,1,-1,-1,-1,-1,-1,-1,-1,-1,-1,1,1,2
229.jpg,-1,-1,-1,-1,-1,1,-1,-1,-1,-1,-1,1,2
240.jpg,1,-1,-1,-1,-1,-1,-1,-1,1,-1,-1,1,1
243.jpg,-1,-1,-1,1,-1,1,-1,-1,-1,-1,-1,1,1
244.jpg,-1,-1,-1,1,-1,-1,-1,-1,1,-1,-1,1,1
246.jpg,1,-1,-1,-1,-1,-1,1,-1,1,-1,-1,1,1
247.jpg,-1,-1,-1,-1,-1,-1,-1,-1,-1,-1,-1,1,1
249.jpg,-1,-1,-1,1,-1,1,-1,-1,1,-1,-1,1,1
256.jpg,-1,-1,-1,-1,-1,1,-1,-1,-1,-1,-1,1,1
264.jpg,-1,-1,-1,1,-1,1,-1,-1,1,-1,-1,1,1
272.jpg,1,-1,-1,-1,-1,-1,-1,-1,-1,-1,-1,1,1
281.jpg,1,-1,-1,-1,-1,1,-1,-1,1,-1,-1,1,1
282.jpg,1,-1,-1,-1,-1,-1,1,-1,1,-1,-1,1,1
283.jpg,1,-1,-1,-1,-1,-1,-1,-1,1,-1,-1,1,1
286.jpg,1,-1,-1,-1,-1,-1,-1,-1,-1,-1,-1,1,1
288.jpg,1,-1,-1,-1,-1,-1,1,-1,-1,-1,1,1,2
292.jpg,1,-1,-1,-1,-1,-1,-1,-1,-1,-1,-1,1,1
293.jpg,-1,-1,-1,1,-1,1,1,-1,1,-1,-1,1,1
297.jpg,-1,-1,-1,-1,-1,-1,-1,-1,-1,-1,-1,1,1
300.jpg,-1,-1,-1,-1,-1,-1,1,-1,-1,-1,-1,1,1
304.jpg,-1,-1,-1,1,-1,1,-1,-1,1,-1,-1,1,1
308.jpg,-1,-1,-1,-1,-1,-1,-1,-1,-1,1,-1,1,4
317.jpg,-1,-1,-1,-1,-1,-1,1,-1,1,-1,-1,1,1
320.jpg,-1,-1,-1,-1,1,1,-1,-1,-1,-1,1,1,3
321.jpg,-1,-1,-1,-1,-1,-1,-1,-1,1,-1,-1,1,3
324.jpg,-1,-1,-1,-1,-1,1,-1,-1,-1,-1,-1,1,2
328.jpg,-1,-1,-1,-1,-1,1,-1,-1,1,-1,-1,1,1
331.jpg,-1,-1,-1,-1,1,1,-1,-1,-1,-1,1,1,2
334.jpg,-1,1,-1,-1,-1,-1,-1,-1,-1,-1,-1,1,2
336.jpg,-1,-1,-1,-1,-1,-1,-1,-1,-1,-1,-1,1,2
340.jpg,1,-1,-1,-1,-1,1,-1,-1,-1,-1,-1,1,1
343.jpg,-1,-1,-1,-1,1,-1,-1,-1,-1,1,1,1,2
347.jpg,-1,-1,-1,-1,-1,-1,-1,-1,1,1,-1,1,4
348.jpg,1,-1,-1,-1,-1,1,-1,-1,1,-1,-1,1,1
355.jpg,-1,-1,-1,-1,-1,-1,1,-1,-1,-1,-1,1,1
356.jpg,1,-1,-1,-1,-1,1,-1,-1,1,-1,-1,1,1
373.jpg,-1,-1,-1,-1,-1,1,-1,-1,1,-1,-1,1,1
375.jpg,1,-1,-1,-1,-1,-1,-1,-1,1,-1,1,1,3
386.jpg,-1,-1,-1,-1,-1,-1,-1,-1,-1,-1,-1,1,1
387.jpg,1,-1,-1,-1,-1,-1,-1,-1,1,-1,-1,1,1
399.jpg,1,-1,-1,-1,-1,1,-1,-1,1,-1,-1,1,1
402.jpg,-1,-1,-1,-1,-1,-1,-1,-1,-1,-1,-1,1,1
408.jpg,-1,-1,-1,-1,-1,-1,-1,-1,1,-1,1,1,2
409.jpg,-1,-1,-1,-1,-1,-1,-1,-1,1,-1,-1,1,1
410.jpg,-1,-1,-1,-1,-1,-1,-1,-1,1,-1,-1,1,1
413.jpg,-1,-1,-1,1,-1,-1,-1,-1,1,-1,-1,1,1
416.jpg,1,-1,-1,-1,-1,-1,-1,-1,1,-1,-1,1,2
417.jpg,-1,-1,-1,1,-1,-1,-1,-1,1,-1,-1,1,2
418.jpg,-1,-1,-1,-1,-1,-1,-1,-1,-1,-1,-1,1,2
419.jpg,1,-1,-1,-1,-1,-1,1,-1,1,-1,-1,1,1
420.jpg,1,-1,-1,-1,-1,1,-1,-1,1,-1,-1,1,1
422.jpg,-1,-1,-1,-1,-1,-1,-1,-1,1,-1,-1,1,1
430.jpg,1,-1,-1,-1,-1,-1,-1,-1,1,-1,-1,1,1
434.jpg,1,-1,-1,-1,-1,1,-1,-1,1,-1,-1,1,1
441.jpg,1,-1,-1,-1,-1,1,-1,-1,1,-1,1,1,1
445.jpg,1,-1,-1,-1,-1,1,-1,-1,1,-1,-1,1,1
448.jpg,-1,-1,-1,-1,-1,-1,-1,-1,1,-1,-1,1,1
450.jpg,-1,-1,-1,-1,-1,-1,-1,-1,1,-1,-1,1,1
456.jpg,-1,-1,-1,1,-1,1,-1,-1,1,-1,-1,1,1
459.jpg,1,-1,-1,-1,-1,-1,-1,-1,1,-1,-1,1,2
466.jpg,-1,-1,-1,1,-1,1,-1,-1,1,-1,-1,1,3
468.jpg,-1,-1,-1,-1,1,-1,-1,-1,-1,-1,1,1,3
469.jpg,-1,-1,-1,-1,-1,-1,-1,-1,-1,-1,-1,1,2
475.jpg,-1,-1,-1,-1,1,-1,-1,-1,-1,-1,1,1,2
476.jpg,-1,-1,-1,-1,-1,-1,-1,-1,-1,-1,1,1,3
477.jpg,-1,-1,-1,1,-1,-1,1,-1,-1,-1,-1,1,1
478.jpg,-1,-1,-1,-1,1,-1,-1,-1,-1,-1,-1,1,1
484.jpg,-1,-1,-1,-1,-1,-1,-1,-1,-1,-1,-1,1,3
485.jpg,-1,-1,-1,-1,-1,-1,-1,-1,1,-1,-1,1,1
486.jpg,-1,-1,-1,-1,1,-1,-1,-1,-1,-1,-1,1,2
490.jpg,-1,-1,-1,1,-1,-1,1,-1,1,-1,-1,1,1
493.jpg,-1,-1,-1,-1,-1,-1,1,-1,1,-1,-1,1,1
502.jpg,1,-1,-1,-1,-1,-1,-1,-1,1,-1,-1,1,1
505.jpg,-1,-1,-1,1,-1,-1,-1,-1,1,-1,-1,1,1
509.jpg,-1,-1,-1,-1,-1,1,-1,-1,1,-1,-1,1,1
514.jpg,-1,-1,-1,-1,-1,-1,-1,-1,-1,1,1,1,4
532.jpg,-1,-1,1,-1,-1,1,-1,-1,1,-1,-1,1,1
533.jpg,1,-1,-1,-1,-1,-1,-1,-1,1,-1,-1,1,1
537.jpg,1,-1,-1,-1,-1,-1,-1,-1,-1,-1,-1,1,1
544.jpg,1,-1,-1,-1,-1,-1,1,-1,-1,-1,-1,1,1
545.jpg,-1,-1,-1,-1,-1,-1,1,-1,1,-1,-1,1,1
546.jpg,-1,-1,-1,-1,1,-1,-1,-1,-1,1,-1,1,3
547.jpg,-1,-1,-1,-1,-1,-1,-1,-1,-1,-1,-1,1,2
554.jpg,-1,-1,-1,1,-1,-1,1,-1,1,-1,-1,1,1
564.jpg,-1,-1,-1,1,-1,1,-1,-1,1,-1,-1,1,2
581.jpg,1,-1,-1,-1,-1,-1,-1,-1,1,-1,-1,1,2
582.jpg,-1,-1,-1,1,-1,1,1,-1,1,-1,-1,1,1
587.jpg,-1,-1,-1,-1,-1,-1,-1,-1,-1,-1,1,1,3
588.jpg,1,-1,-1,-1,-1,-1,-1,-1,1,-1,-1,1,1
604.jpg,-1,-1,-1,-1,-1,1,-1,-1,1,-1,-1,1,1
606.jpg,1,-1,-1,-1,-1,-1,-1,-1,1,-1,-1,1,3
609.jpg,-1,-1,-1,1,-1,-1,-1,-1,1,-1,-1,1,2
612.jpg,1,-1,-1,-1,-1,1,-1,-1,1,-1,-1,1,2
615.jpg,-1,-1,-1,-1,-1,-1,-1,-1,-1,-1,-1,1,2
621.jpg,-1,-1,-1,-1,-1,-1,1,-1,1,-1,-1,1,1
624.jpg,-1,-1,-1,-1,-1,1,-1,-1,1,-1,-1,1,1
634.jpg,-1,-1,-1,-1,-1,1,-1,-1,-1,-1,-1,1,1
639.jpg,-1,-1,-1,-1,-1,-1,-1,-1,1,-1,-1,1,2
641.jpg,-1,-1,-1,-1,1,-1,-1,-1,-1,-1,-1,1,3
643.jpg,-1,-1,-1,-1,-1,-1,-1,-1,-1,1,-1,1,4
657.jpg,1,-1,-1,-1,-1,-1,1,-1,-1,-1,-1,1,1
663.jpg,1,-1,-1,-1,-1,-1,-1,-1,1,-1,-1,1,1
667.jpg,1,-1,-1,-1,-1,-1,-1,-1,-1,-1,1,1,1
669.jpg,-1,1,-1,1,-1,-1,-1,-1,1,-1,-1,1,1
671.jpg,1,-1,-1,-1,-1,1,-1,-1,-1,-1,-1,1,1
676.jpg,1,-1,-1,-1,-1,-1,-1,-1,1,-1,-1,1,1
677.jpg,-1,-1,-1,-1,-1,-1,-1,-1,-1,-1,1,1,2
681.jpg,1,-1,-1,-1,-1,-1,1,-1,-1,-1,-1,1,1
691.jpg,-1,-1,-1,-1,-1,-1,-1,-1,1,-1,-1,1,1
694.jpg,-1,-1,-1,1,-1,1,-1,-1,1,-1,-1,1,2
695.jpg,1,-1,-1,-1,-1,1,-1,-1,-1,-1,-1,1,2
696.jpg,1,-1,-1,-1,-1,1,-1,-1,1,-1,-1,1,2
699.jpg,-1,-1,-1,-1,-1,-1,-1,-1,-1,-1,-1,1,1
714.jpg,-1,-1,-1,-1,1,-1,-1,-1,-1,-1,1,1,3
717.jpg,-1,-1,-1,1,-1,-1,-1,-1,1,-1,-1,1,1
724.jpg,1,-1,-1,-1,-1,1,-1,-1,1,-1,-1,1,1
729.jpg,-1,-1,-1,1,-1,-1,-1,-1,1,-1,-1,1,1
740.jpg,1,-1,-1,-1,-1,1,-1,-1,-1,-1,-1,1,2
741.jpg,-1,-1,-1,1,-1,-1,-1,-1,-1,-1,-1,1,1
742.jpg,-1,-1,-1,-1,-1,-1,-1,-1,1,-1,-1,1,1
746.jpg,-1,-1,-1,1,-1,-1,1,-1,1,-1,-1,1,1
749.jpg,-1,-1,-1,-1,1,-1,-1,-1,-1,-1,-1,1,2
750.jpg,-1,-1,-1,-1,-1,-1,-1,-1,-1,-1,-1,1,1
753.jpg,-1,-1,-1,-1,1,-1,-1,-1,-1,-1,-1,1,2
756.jpg,-1,-1,-1,-1,1,1,-1,-1,-1,-1,-1,1,1
761.jpg,-1,-1,-1,-1,-1,-1,-1,-1,-1,1,-1,1,4
762.jpg,-1,-1,-1,-1,-1,-1,-1,-1,-1,-1,1,1,2
763.jpg,1,-1,-1,-1,-1,-1,-1,-1,1,-1,-1,1,2
764.jpg,-1,-1,-1,-1,1,-1,-1,-1,-1,1,1,1,3
767.jpg,1,-1,-1,-1,-1,-1,-1,-1,1,-1,-1,1,1
772.jpg,-1,-1,-1,1,-1,-1,-1,-1,1,-1,-1,1,1
782.jpg,-1,-1,-1,-1,-1,-1,-1,-1,1,-1,-1,1,1
792.jpg,1,-1,-1,-1,-1,-1,-1,-1,-1,-1,-1,1,1
796.jpg,1,-1,-1,-1,-1,-1,-1,-1,1,-1,-1,1,1
797.jpg,-1,-1,-1,-1,-1,-1,-1,-1,1,-1,1,1,4
798.jpg,-1,-1,-1,1,-1,-1,1,-1,1,-1,-1,1,4
801.jpg,1,-1,-1,-1,-1,-1,-1,-1,1,-1,-1,1,2
802.jpg,-1,-1,-1,-1,-1,-1,-1,-1,1,-1,-1,1,1
813.jpg,-1,-1,1,-1,-1,-1,-1,-1,1,-1,-1,1,1
816.jpg,-1,-1,-1,-1,-1,-1,-1,-1,1,-1,1,1,1
823.jpg,-1,-1,-1,1,-1,-1,-1,-1,1,-1,-1,1,1
838.jpg,-1,-1,-1,1,-1,-1,-1,-1,1,-1,-1,1,2
848.jpg,-1,-1,-1,-1,-1,-1,-1,-1,1,-1,-1,1,2
854.jpg,-1,-1,-1,-1,-1,-1,-1,-1,-1,-1,-1,1,1
855.jpg,1,-1,-1,-1,-1,-1,-1,1,-1,-1,-1,1,1
865.jpg,-1,-1,-1,-1,-1,-1,-1,-1,1,-1,-1,1,4
869.jpg,-1,-1,-1,-1,-1,-1,-1,-1,1,-1,-1,1,1
870.jpg,1,-1,-1,-1,-1,-1,-1,-1,1,-1,-1,1,1
872.jpg,1,-1,-1,-1,-1,-1,1,-1,1,-1,-1,1,1
876.jpg,-1,-1,-1,-1,-1,-1,-1,-1,-1,-1,1,1,2
880.jpg,-1,-1,1,-1,1,-1,1,-1,-1,-1,-1,1,2
882.jpg,-1,-1,-1,-1,1,-1,-1,-1,-1,1,1,1,3
883.jpg,1,-1,-1,-1,-1,-1,-1,-1,1,-1,-1,1,1
885.jpg,-1,-1,-1,1,-1,-1,1,-1,1,-1,-1,1,2
886.jpg,-1,1,-1,1,-1,1,-1,-1,-1,-1,-1,1,1
888.jpg,-1,-1,-1,-1,-1,-1,-1,-1,-1,-1,-1,1,1
890.jpg,1,-1,-1,-1,-1,1,-1,-1,1,-1,-1,1,1
892.jpg,-1,-1,-1,1,-1,1,-1,-1,-1,-1,-1,1,2
897.jpg,1,-1,-1,-1,-1,-1,-1,-1,1,-1,-1,1,1
904.jpg,-1,-1,1,-1,-1,-1,-1,-1,-1,-1,-1,1,1
914.jpg,1,-1,-1,-1,-1,-1,-1,-1,-1,-1,1,1,2
927.jpg,-1,-1,-1,-1,-1,-1,-1,-1,-1,-1,-1,1,2
930.jpg,-1,-1,-1,-1,-1,-1,1,-1,1,-1,1,1,1
934.jpg,-1,-1,-1,-1,1,-1,-1,-1,-1,-1,-1,1,1
944.jpg,1,-1,-1,-1,-1,-1,-1,-1,1,-1,-1,1,2
946.jpg,-1,-1,-1,-1,-1,1,-1,-1,-1,-1,-1,1,1
948.jpg,1,-1,-1,-1,-1,1,-1,-1,1,-1,-1,1,1
954.jpg,-1,-1,-1,-1,-1,-1,1,-1,-1,-1,-1,1,1
958.jpg,-1,-1,-1,1,-1,-1,1,-1,1,-1,-1,1,1
959.jpg,-1,-1,-1,-1,1,-1,-1,-1,-1,-1,1,1,3
962.jpg,1,-1,-1,-1,-1,-1,-1,-1,1,-1,-1,1,1
963.jpg,-1,-1,-1,1,-1,-1,-1,-1,1,-1,-1,1,1
968.jpg,-1,-1,-1,1,-1,-1,-1,-1,1,-1,-1,1,1
969.jpg,-1,1,-1,-1,-1,-1,1,-1,-1,-1,-1,1,1
970.jpg,-1,-1,-1,-1,-1,-1,-1,-1,1,-1,-1,1,1
971.jpg,1,-1,-1,-1,-1,-1,-1,-1,-1,-1,-1,1,2
976.jpg,-1,-1,-1,1,-1,-1,-1,-1,-1,-1,-1,1,1
978.jpg,-1,-1,-1,1,-1,-1,1,-1,1,-1,-1,1,1
981.jpg,1,-1,-1,-1,-1,-1,-1,-1,-1,-1,-1,1,1
996.jpg,-1,-1,-1,-1,-1,-1,-1,-1,1,-1,-1,1,1
1002.jpg,-1,1,-1,-1,1,-1,-1,-1,-1,-1,-1,1,2
1004.jpg,-1,-1,-1,-1,1,-1,-1,-1,-1,1,1,1,3
1007.jpg,-1,-1,-1,-1,-1,-1,-1,-1,-1,-1,1,1,2
1009.jpg,1,-1,-1,-1,-1,-1,-1,-1,-1,-1,-1,1,1
1012.jpg,-1,-1,-1,1,-1,1,-1,-1,1,-1,-1,1,1
1015.jpg,-1,-1,-1,1,-1,-1,1,-1,1,-1,-1,1,1
1030.jpg,1,-1,-1,-1,-1,-1,-1,-1,-1,-1,-1,1,2
1038.jpg,1,-1,-1,-1,-1,-1,-1,-1,1,-1,-1,1,1
1039.jpg,1,-1,-1,-1,-1,-1,-1,-1,-1,-1,-1,1,1
1051.jpg,1,-1,-1,-1,-1,1,-1,-1,1,-1,-1,1,1
1052.jpg,-1,-1,-1,-1,-1,-1,1,-1,1,-1,-1,1,1
1053.jpg,-1,-1,-1,-1,1,1,-1,-1,-1,-1,-1,1,2
1062.jpg,-1,-1,1,-1,-1,-1,1,-1,-1,-1,-1,1,1
1063.jpg,-1,-1,-1,-1,-1,-1,-1,-1,1,-1,-1,1,1
1068.jpg,1,-1,-1,-1,-1,-1,-1,-1,1,-1,-1,1,1
1080.jpg,-1,-1,-1,-1,1,-1,-1,-1,-1,-1,1,1,2
1081.jpg,-1,-1,-1,1,-1,-1,-1,-1,1,-1,-1,1,1
1082.jpg,-1,-1,-1,-1,-1,-1,-1,-1,-1,-1,1,1,1
1083.jpg,-1,-1,-1,1,-1,1,-1,-1,1,-1,-1,1,1
1085.jpg,-1,-1,-1,-1,-1,-1,-1,-1,-1,-1,-1,1,1
1097.jpg,-1,-1,-1,-1,-1,-1,1,-1,-1,-1,-1,1,2
1104.jpg,-1,-1,-1,-1,1,-1,-1,-1,-1,-1,1,1,2
1106.jpg,-1,-1,-1,1,-1,-1,1,-1,1,-1,-1,1,1
1108.jpg,-1,-1,-1,-1,-1,-1,-1,-1,1,-1,-1,1,2
1109.jpg,-1,-1,-1,-1,-1,-1,-1,-1,1,-1,-1,1,1
1115.jpg,-1,-1,-1,-1,1,1,-1,-1,-1,-1,1,1,2
1118.jpg,-1,-1,-1,-1,-1,1,-1,-1,-1,-1,-1,1,1
1123.jpg,-1,-1,-1,-1,-1,1,-1,-1,1,-1,-1,1,1
1124.jpg,-1,-1,-1,-1,-1,-1,-1,-1,1,1,1,1,4
1128.jpg,-1,-1,-1,-1,1,1,-1,-1,-1,-1,-1,1,2
1129.jpg,-1,1,-1,1,-1,-1,1,-1,1,-1,-1,1,1
1132.jpg,-1,-1,-1,-1,1,-1,-1,-1,-1,1,1,1,2
1144.jpg,-1,-1,-1,-1,-1,-1,-1,-1,-1,1,-1,1,4
1147.jpg,1,-1,-1,-1,-1,-1,-1,-1,1,-1,-1,1,1
1149.jpg,1,-1,-1,-1,-1,1,-1,-1,-1,-1,-1,1,2
1151.jpg,-1,-1,-1,-1,-1,-1,-1,-1,-1,-1,-1,1,1
1153.jpg,-1,-1,-1,-1,-1,-1,1,-1,1,-1,-1,1,2
1155.jpg,-1,-1,-1,-1,-1,1,-1,-1,-1,-1,1,1,2
1165.jpg,-1,-1,-1,-1,1,-1,-1,-1,-1,-1,-1,1,2
1170.jpg,1,-1,-1,-1,-1,1,-1,-1,1,-1,-1,1,1
1176.jpg,-1,-1,-1,1,-1,-1,-1,-1,-1,-1,-1,1,1
1188.jpg,-1,-1,-1,-1,1,-1,-1,-1,-1,-1,1,1,2
1198.jpg,-1,-1,-1,-1,-1,1,-1,-1,1,-1,-1,1,2
1199.jpg,1,-1,-1,-1,-1,-1,1,-1,-1,-1,-1,1,2
1203.jpg,-1,-1,-1,-1,-1,-1,-1,-1,-1,-1,-1,1,2
1205.jpg,-1,-1,-1,1,-1,1,-1,-1,-1,-1,-1,1,1
1207.jpg,-1,-1,-1,-1,-1,-1,-1,-1,-1,1,-1,1,3
1209.jpg,-1,-1,-1,-1,-1,1,-1,-1,1,-1,-1,1,2
1210.jpg,-1,-1,-1,-1,-1,-1,1,-1,-1,-1,1,1,2
1211.jpg,1,-1,-1,-1,-1,1,-1,-1,1,-1,-1,1,1
1214.jpg,-1,-1,-1,-1,-1,-1,-1,-1,1,-1,-1,1,3
1220.jpg,1,-1,-1,-1,-1,-1,-1,-1,-1,-1,-1,1,2
1222.jpg,1,-1,-1,-1,-1,-1,-1,-1,-1,-1,-1,1,2
1229.jpg,1,-1,-1,-1,-1,-1,-1,-1,1,-1,-1,1,2
1256.jpg,1,-1,-1,-1,-1,-1,1,-1,1,-1,-1,1,1
1262.jpg,1,-1,-1,-1,-1,-1,-1,-1,-1,-1,-1,1,1
1264.jpg,-1,-1,-1,-1,-1,-1,-1,-1,-1,-1,1,1,2
1267.jpg,-1,-1,-1,-1,-1,-1,-1,-1,1,-1,-1,1,2
1269.jpg,-1,-1,-1,-1,-1,-1,1,-1,1,-1,-1,1,1
1276.jpg,1,-1,-1,-1,-1,-1,-1,-1,1,-1,-1,1,1
1278.jpg,1,-1,-1,-1,-1,1,-1,-1,1,-1,-1,1,1
1279.jpg,-1,-1,-1,-1,-1,1,-1,-1,1,-1,-1,1,1
1287.jpg,-1,-1,-1,1,-1,-1,1,-1,1,-1,-1,1,1
1288.jpg,-1,-1,-1,-1,-1,-1,-1,-1,1,-1,-1,1,2
1291.jpg,-1,-1,-1,-1,1,-1,-1,-1,-1,1,1,1,3
1298.jpg,-1,-1,-1,-1,-1,1,-1,-1,1,-1,-1,1,1
1302.jpg,-1,-1,-1,-1,-1,-1,-1,-1,-1,-1,-1,1,1
1312.jpg,1,-1,-1,-1,-1,1,-1,-1,1,-1,-1,1,1
1313.jpg,-1,-1,-1,1,-1,-1,1,-1,-1,-1,-1,1,2
1317.jpg,-1,-1,-1,1,-1,-1,-1,-1,1,-1,-1,1,2
1325.jpg,-1,-1,-1,1,-1,-1,-1,-1,1,-1,-1,1,2
1326.jpg,1,-1,-1,-1,-1,-1,-1,-1,1,-1,-1,1,1
1330.jpg,-1,-1,-1,1,-1,-1,1,-1,-1,-1,-1,1,1
1336.jpg,-1,-1,-1,-1,-1,-1,-1,-1,1,-1,-1,1,1
1342.jpg,-1,-1,-1,1,-1,1,-1,-1,1,-1,-1,1,1
1343.jpg,-1,-1,-1,1,-1,-1,1,-1,1,-1,-1,1,1
1348.jpg,1,-1,-1,-1,-1,-1,1,-1,-1,-1,-1,1,1
1368.jpg,1,-1,-1,-1,-1,1,-1,-1,-1,-1,-1,1,1
1377.jpg,1,-1,-1,-1,-1,1,-1,-1,1,-1,-1,1,1
1388.jpg,-1,-1,-1,-1,1,-1,-1,-1,-1,-1,1,1,2
1391.jpg,-1,-1,-1,-1,-1,-1,1,-1,-1,-1,-1,1,2
1397.jpg,1,-1,-1,-1,-1,-1,-1,-1,1,-1,-1,1,1
1407.jpg,1,-1,-1,-1,-1,1,-1,-1,1,-1,-1,1,4
1419.jpg,-1,-1,-1,-1,-1,-1,-1,-1,-1,1,-1,1,4
1426.jpg,1,-1,-1,-1,-1,-1,-1,-1,1,-1,-1,1,2
1427.jpg,1,-1,-1,-1,-1,1,-1,-1,-1,-1,-1,1,2
1428.jpg,-1,-1,-1,1,-1,-1,1,-1,1,-1,-1,1,1
1429.jpg,-1,1,-1,-1,-1,-1,-1,-1,-1,-1,1,1,2
1439.jpg,1,-1,-1,-1,-1,1,-1,-1,1,-1,-1,1,1
1444.jpg,-1,-1,-1,-1,1,-1,-1,-1,-1,-1,-1,1,2
1453.jpg,1,-1,-1,-1,-1,1,-1,-1,1,-1,-1,1,1
1456.jpg,-1,-1,1,-1,-1,-1,-1,-1,-1,-1,-1,1,2
1459.jpg,-1,-1,-1,-1,-1,-1,-1,-1,1,1,-1,1,4
1469.jpg,-1,-1,-1,1,-1,-1,-1,-1,-1,-1,-1,1,1
1472.jpg,-1,-1,-1,-1,-1,1,-1,-1,1,-1,-1,1,1
1480.jpg,-1,-1,-1,-1,1,-1,-1,-1,-1,-1,-1,1,1
1502.jpg,1,-1,-1,-1,-1,-1,-1,-1,-1,-1,-1,1,1
1504.jpg,1,-1,-1,-1,-1,-1,1,-1,1,-1,-1,1,1
1505.jpg,1,-1,-1,-1,-1,1,-1,-1,-1,-1,-1,1,2
1509.jpg,1,-1,-1,-1,-1,-1,1,-1,-1,-1,-1,1,1
1510.jpg,1,-1,-1,-1,-1,1,-1,-1,1,-1,-1,1,1
1518.jpg,-1,-1,-1,-1,-1,-1,-1,-1,1,-1,-1,1,2
1519.jpg,-1,-1,-1,-1,1,1,-1,-1,-1,-1,1,1,2
1522.jpg,1,-1,-1,-1,-1,-1,-1,-1,1,-1,-1,1,1
1523.jpg,-1,-1,-1,-1,-1,-1,-1,-1,1,-1,-1,1,1
1531.jpg,-1,-1,-1,1,-1,-1,-1,-1,1,-1,-1,1,2
1533.jpg,-1,-1,-1,-1,1,-1,-1,-1,-1,1,-1,1,4
1536.jpg,-1,-1,-1,1,-1,-1,-1,-1,-1,-1,-1,1,1
1548.jpg,-1,-1,-1,1,-1,-1,-1,-1,1,-1,-1,1,1
1558.jpg,-1,-1,-1,-1,1,-1,-1,-1,-1,1,-1,1,3
1565.jpg,-1,-1,-1,-1,1,-1,-1,-1,-1,-1,-1,1,1
1568.jpg,-1,-1,-1,1,-1,-1,1,-1,1,-1,-1,1,1
1583.jpg,-1,-1,1,-1,-1,-1,-1,-1,1,-1,-1,1,1
1587.jpg,-1,-1,-1,1,-1,-1,-1,-1,1,-1,-1,1,1
1596.jpg,-1,-1,-1,-1,-1,1,-1,-1,1,-1,-1,1,2
1602.jpg,-1,-1,-1,-1,-1,-1,-1,-1,-1,-1,1,1,2
1603.jpg,-1,-1,-1,-1,-1,-1,-1,-1,1,-1,-1,1,1
1607.jpg,-1,-1,-1,1,-1,-1,1,-1,1,-1,-1,1,1
1609.jpg,-1,-1,-1,-1,-1,-1,-1,-1,1,-1,-1,1,1
1612.jpg,-1,-1,-1,-1,-1,1,-1,-1,-1,-1,-1,1,1
1627.jpg,1,-1,-1,-1,-1,-1,-1,-1,-1,-1,-1,1,1
1639.jpg,1,-1,-1,-1,-1,1,-1,-1,1,-1,-1,1,1
1643.jpg,-1,-1,-1,-1,-1,-1,-1,-1,1,-1,-1,1,1
1646.jpg,1,-1,-1,-1,-1,-1,-1,-1,1,-1,-1,1,1
1648.jpg,1,-1,-1,-1,-1,-1,-1,-1,1,-1,-1,1,1
1662.jpg,-1,-1,-1,-1,1,-1,-1,-1,-1,-1,-1,1,1
1664.jpg,-1,-1,-1,-1,1,-1,-1,-1,-1,-1,1,1,2
1669.jpg,-1,-1,-1,-1,-1,-1,-1,-1,1,-1,-1,1,1
1694.jpg,-1,-1,-1,1,-1,-1,-1,-1,1,-1,-1,1,1
1698.jpg,-1,-1,-1,-1,-1,-1,-1,-1,-1,-1,1,1,2
1702.jpg,-1,-1,-1,1,-1,-1,1,-1,1,-1,-1,1,1
1705.jpg,-1,1,-1,-1,-1,-1,-1,-1,-1,-1,-1,1,1
1711.jpg,-1,-1,-1,1,-1,-1,1,-1,1,-1,-1,1,1
1719.jpg,-1,-1,-1,-1,1,-1,-1,-1,-1,-1,1,1,2
1726.jpg,-1,-1,-1,-1,-1,-1,-1,-1,1,-1,-1,1,2
1733.jpg,-1,-1,-1,-1,1,-1,-1,-1,-1,-1,1,1,2
1740.jpg,1,-1,-1,-1,-1,1,-1,-1,1,-1,-1,1,1
1749.jpg,-1,-1,-1,1,-1,-1,-1,-1,1,-1,-1,1,1
1752.jpg,1,-1,-1,-1,-1,1,-1,-1,1,-1,-1,1,1
1759.jpg,-1,-1,-1,-1,1,1,-1,-1,-1,-1,1,1,1
1778.jpg,1,-1,-1,-1,-1,1,-1,-1,1,-1,-1,1,1
1780.jpg,-1,-1,-1,-1,-1,-1,-1,-1,1,-1,-1,1,2
1799.jpg,1,-1,-1,-1,-1,-1,-1,-1,1,-1,-1,1,1
1802.jpg,1,-1,-1,-1,-1,1,-1,-1,1,-1,-1,1,2
1803.jpg,1,-1,-1,-1,-1,-1,-1,-1,1,-1,-1,1,2
1814.jpg,-1,-1,-1,-1,1,-1,-1,-1,-1,-1,-1,1,2
1815.jpg,-1,-1,-1,-1,-1,-1,-1,-1,1,-1,-1,1,1
1817.jpg,-1,-1,-1,-1,-1,-1,-1,-1,1,-1,-1,1,1
1826.jpg,-1,-1,-1,-1,-1,1,-1,-1,-1,-1,-1,1,2
1830.jpg,-1,-1,-1,-1,-1,1,-1,-1,-1,-1,1,1,1
1835.jpg,-1,-1,-1,-1,1,-1,1,-1,-1,-1,-1,1,1
1841.jpg,1,-1,-1,-1,-1,-1,-1,-1,1,-1,-1,1,1
1842.jpg,-1,-1,-1,1,-1,-1,-1,-1,-1,-1,-1,1,1
1850.jpg,1,-1,-1,-1,-1,-1,-1,-1,-1,-1,-1,1,2
1851.jpg,-1,-1,-1,-1,-1,-1,-1,-1,-1,-1,-1,1,1
1857.jpg,-1,-1,-1,-1,1,-1,-1,-1,-1,-1,1,1,3
1868.jpg,1,-1,-1,-1,-1,-1,-1,-1,1,-1,-1,1,1
1880.jpg,-1,-1,-1,-1,-1,-1,-1,-1,-1,-1,-1,1,2
1885.jpg,-1,-1,-1,-1,-1,-1,-1,-1,1,-1,-1,1,1
1887.jpg,-1,-1,-1,-1,-1,1,-1,-1,-1,-1,-1,1,2
1889.jpg,-1,-1,-1,-1,1,-1,-1,-1,-1,-1,1,1,2
1890.jpg,-1,-1,-1,-1,1,-1,-1,-1,-1,-1,-1,1,1
1899.jpg,-1,-1,-1,-1,-1,1,-1,-1,1,-1,-1,1,2
1906.jpg,-1,-1,-1,-1,1,-1,-1,-1,-1,-1,-1,1,2
1908.jpg,-1,-1,-1,-1,-1,-1,-1,-1,1,-1,-1,1,1
1910.jpg,-1,-1,-1,-1,-1,-1,1,-1,1,-1,-1,1,2
1917.jpg,1,-1,-1,-1,-1,-1,-1,-1,-1,-1,-1,1,2
1920.jpg,-1,-1,-1,1,-1,-1,-1,-1,1,-1,-1,1,1
1940.jpg,-1,1,-1,-1,-1,-1,1,-1,1,-1,-1,1,1
1946.jpg,1,-1,-1,-1,-1,1,-1,-1,-1,-1,-1,1,2
1948.jpg,1,-1,-1,-1,-1,1,-1,-1,1,-1,-1,1,1
1951.jpg,-1,-1,-1,-1,-1,-1,-1,-1,-1,-1,-1,1,1
1952.jpg,1,-1,-1,-1,-1,-1,1,-1,1,-1,-1,1,1
1956.jpg,1,-1,-1,-1,-1,1,-1,-1,1,-1,-1,1,1
1962.jpg,-1,-1,-1,-1,-1,-1,-1,-1,1,-1,-1,1,2
1966.jpg,-1,-1,-1,-1,-1,-1,1,-1,-1,-1,-1,1,1
1972.jpg,-1,-1,-1,-1,-1,1,-1,-1,1,-1,-1,1,2
1975.jpg,-1,-1,-1,1,-1,-1,-1,-1,1,-1,-1,1,1
1978.jpg,-1,-1,-1,-1,-1,1,1,-1,-1,-1,-1,1,1
1980.jpg,-1,-1,-1,-1,1,-1,-1,-1,-1,-1,-1,1,2
1983.jpg,1,-1,-1,-1,-1,-1,-1,-1,1,-1,1,1,1
1991.jpg,1,-1,-1,-1,-1,-1,-1,-1,1,-1,-1,1,2
1995.jpg,-1,-1,-1,-1,-1,-1,-1,-1,-1,1,1,1,2
1999.jpg,-1,-1,-1,-1,-1,-1,1,-1,1,-1,-1,1,1
2000.jpg,-1,-1,-1,-1,-1,-1,-1,-1,-1,-1,-1,1,2
2002.jpg,-1,-1,-1,1,-1,-1,-1,-1,1,-1,-1,1,1
2003.jpg,-1,-1,-1,-1,-1,-1,-1,-1,-1,1,-1,1,4
2006.jpg,-1,-1,-1,-1,-1,-1,1,-1,-1,-1,-1,1,2
2025.jpg,-1,-1,-1,-1,-1,-1,-1,-1,-1,-1,-1,1,2
2028.jpg,-1,-1,-1,-1,-1,1,-1,-1,-1,-1,-1,1,2
2029.jpg,1,-1,-1,-1,-1,-1,-1,-1,1,-1,-1,1,1
2044.jpg,-1,-1,-1,-1,-1,1,-1,-1,-1,-1,-1,1,2
2045.jpg,-1,-1,-1,1,-1,-1,-1,-1,1,-1,-1,1,1
2046.jpg,-1,-1,-1,1,-1,1,1,-1,1,-1,-1,1,1
2051.jpg,1,-1,-1,-1,-1,-1,-1,-1,1,-1,-1,1,1
2056.jpg,-1,-1,-1,-1,1,1,-1,-1,-1,-1,1,1,2
2066.jpg,-1,-1,-1,-1,-1,1,-1,-1,-1,-1,-1,1,2
2070.jpg,-1,-1,-1,-1,-1,-1,1,-1,1,-1,-1,1,1
2076.jpg,-1,-1,-1,-1,1,-1,-1,-1,-1,-1,1,1,2
2079.jpg,1,-1,-1,-1,-1,-1,1,-1,1,-1,-1,1,1
2084.jpg,-1,-1,-1,1,-1,1,-1,-1,1,-1,-1,1,1
2086.jpg,-1,-1,-1,-1,1,-1,-1,-1,-1,-1,-1,1,3
2095.jpg,-1,-1,-1,-1,-1,-1,1,-1,1,-1,-1,1,1
2096.jpg,-1,-1,-1,1,-1,-1,-1,-1,1,-1,-1,1,1
2107.jpg,-1,-1,-1,-1,1,1,-1,-1,-1,-1,1,1,2
2116.jpg,-1,-1,-1,1,-1,-1,-1,-1,1,-1,-1,1,2
2121.jpg,1,-1,-1,-1,-1,-1,-1,-1,1,-1,1,1,2
2128.jpg,-1,-1,-1,-1,-1,-1,-1,-1,-1,-1,-1,1,2
2137.jpg,-1,-1,-1,1,-1,-1,-1,-1,1,-1,-1,1,2
2144.jpg,-1,-1,-1,-1,-1,-1,-1,-1,-1,-1,-1,1,2
2147.jpg,1,-1,-1,-1,-1,-1,-1,-1,1,-1,-1,1,2
2149.jpg,-1,-1,-1,-1,-1,-1,-1,-1,-1,-1,-1,1,2
2154.jpg,-1,-1,-1,-1,-1,-1,-1,-1,1,-1,-1,1,2
2166.jpg,-1,-1,-1,-1,-1,-1,-1,-1,1,-1,-1,1,2
2167.jpg,-1,-1,-1,1,-1,-1,-1,-1,1,-1,-1,1,2
2168.jpg,1,-1,-1,-1,-1,-1,-1,-1,1,-1,-1,1,2
2173.jpg,1,-1,-1,-1,-1,-1,-1,-1,1,-1,-1,1,2
2182.jpg,-1,-1,-1,-1,1,1,-1,-1,-1,1,1,1,3
2200.jpg,-1,-1,-1,-1,-1,-1,-1,-1,1,1,-1,1,4
2217.jpg,1,-1,-1,-1,-1,-1,-1,-1,1,-1,-1,1,2
2265.jpg,1,-1,-1,-1,-1,-1,-1,-1,1,-1,1,1,2
2274.jpg,-1,-1,-1,1,-1,-1,-1,-1,1,-1,-1,1,2
2282.jpg,-1,-1,-1,-1,-1,1,-1,-1,1,-1,-1,1,2
2296.jpg,-1,-1,-1,-1,-1,-1,-1,-1,1,-1,-1,1,2
2301.jpg,-1,-1,-1,-1,-1,1,-1,-1,-1,-1,-1,1,2
2303.jpg,-1,-1,-1,-1,-1,-1,1,-1,-1,-1,-1,1,2
2307.jpg,-1,-1,-1,-1,-1,-1,-1,-1,1,-1,-1,1,2
2350.jpg,-1,-1,-1,-1,-1,-1,-1,-1,1,-1,-1,1,2
2362.jpg,-1,-1,-1,-1,-1,-1,-1,-1,-1,-1,-1,1,2
2363.jpg,-1,-1,-1,-1,-1,-1,-1,-1,-1,1,1,1,3
2366.jpg,-1,-1,-1,1,-1,-1,-1,-1,1,-1,-1,1,2
2393.jpg,-1,-1,-1,-1,-1,-1,-1,-1,1,-1,-1,1,2
2396.jpg,-1,-1,-1,-1,-1,-1,-1,-1,-1,-1,1,1,2
2398.jpg,-1,-1,-1,-1,1,-1,-1,-1,-1,-1,1,1,2
2399.jpg,1,-1,-1,-1,-1,-1,-1,-1,-1,-1,-1,1,2
2408.jpg,-1,-1,-1,-1,-1,-1,-1,-1,1,-1,-1,1,2
2415.jpg,-1,-1,-1,-1,-1,-1,1,-1,-1,-1,-1,1,2
2416.jpg,-1,-1,-1,-1,-1,-1,-1,-1,1,-1,1,1,2
2431.jpg,-1,-1,-1,1,-1,-1,-1,-1,1,-1,-1,1,2
2440.jpg,-1,-1,-1,-1,-1,-1,-1,-1,-1,1,-1,1,3
2452.jpg,-1,-1,-1,-1,-1,-1,-1,-1,-1,-1,-1,1,2
2456.jpg,-1,-1,-1,-1,-1,-1,-1,-1,-1,-1,1,1,2
2460.jpg,-1,-1,-1,-1,-1,-1,-1,-1,-1,1,-1,1,3
2462.jpg,-1,-1,-1,-1,1,-1,-1,-1,-1,-1,-1,1,2
2464.jpg,-1,-1,-1,1,-1,-1,-1,-1,1,-1,-1,1,2
2474.jpg,-1,1,-1,-1,-1,-1,1,-1,1,-1,-1,1,2
2476.jpg,-1,-1,-1,-1,1,-1,-1,-1,-1,1,-1,1,2
2485.jpg,1,-1,-1,-1,-1,-1,-1,-1,1,-1,-1,1,2
2491.jpg,1,-1,-1,-1,-1,-1,-1,-1,1,-1,1,1,2
2494.jpg,-1,-1,-1,-1,-1,-1,-1,-1,-1,-1,-1,1,2
2499.jpg,-1,-1,-1,1,-1,-1,-1,-1,1,-1,-1,1,2
2504.jpg,-1,-1,-1,1,-1,1,-1,-1,1,-1,-1,1,2
2518.jpg,-1,-1,-1,-1,1,1,-1,-1,-1,1,1,1,3
2531.jpg,-1,-1,-1,-1,-1,-1,-1,-1,1,-1,-1,1,2
2542.jpg,-1,-1,-1,-1,-1,-1,-1,-1,-1,1,-1,1,4
2555.jpg,-1,-1,-1,1,-1,-1,-1,-1,1,-1,-1,1,2
2567.jpg,1,-1,-1,-1,-1,1,-1,-1,1,-1,-1,1,2
2579.jpg,-1,-1,-1,-1,-1,-1,-1,-1,-1,-1,1,1,2
2595.jpg,1,-1,-1,-1,-1,-1,-1,-1,1,-1,-1,1,2
2598.jpg,-1,-1,-1,-1,-1,1,-1,-1,-1,-1,-1,1,2
2611.jpg,-1,-1,-1,-1,-1,-1,1,-1,-1,-1,-1,1,2
2615.jpg,-1,1,-1,-1,1,-1,-1,-1,-1,-1,1,1,2
2625.jpg,-1,-1,-1,-1,-1,-1,-1,-1,-1,-1,-1,1,2
2635.jpg,-1,-1,-1,-1,-1,-1,-1,-1,1,-1,-1,1,2
2645.jpg,-1,-1,-1,-1,1,-1,-1,-1,-1,-1,1,1,2
2647.jpg,-1,-1,-1,1,-1,-1,1,-1,1,-1,-1,1,2
2651.jpg,1,-1,-1,-1,-1,-1,-1,-1,-1,-1,-1,1,2
2663.jpg,-1,-1,-1,1,-1,-1,-1,-1,-1,-1,-1,1,2
2666.jpg,1,-1,-1,-1,-1,-1,-1,-1,1,-1,-1,1,2
2669.jpg,1,-1,-1,-1,-1,-1,-1,-1,1,-1,1,1,2
2689.jpg,-1,-1,-1,-1,-1,1,-1,-1,1,-1,-1,1,2
2704.jpg,1,-1,-1,-1,-1,-1,-1,-1,1,-1,-1,1,2
2727.jpg,1,-1,-1,-1,-1,-1,-1,-1,1,-1,1,1,2
2739.jpg,-1,-1,-1,-1,1,-1,-1,-1,-1,-1,-1,1,2
2758.jpg,-1,-1,-1,-1,-1,-1,1,-1,-1,-1,-1,1,2
2760.jpg,-1,-1,-1,-1,-1,-1,-1,-1,1,-1,-1,1,2
2776.jpg,1,-1,-1,-1,-1,1,-1,-1,1,-1,-1,1,2
2801.jpg,-1,-1,-1,-1,-1,-1,-1,-1,-1,-1,-1,1,2
2810.jpg,-1,-1,-1,-1,-1,-1,-1,-1,-1,1,-1,1,4
2813.jpg,1,-1,-1,-1,-1,-1,1,-1,-1,-1,-1,1,2
2832.jpg,-1,-1,-1,-1,-1,-1,-1,-1,-1,-1,-1,1,2
2836.jpg,-1,-1,-1,1,-1,1,-1,-1,1,-1,-1,1,2
2854.jpg,1,-1,-1,-1,-1,-1,1,-1,1,-1,-1,1,2
2857.jpg,-1,-1,-1,-1,-1,-1,-1,-1,-1,-1,1,1,2
2873.jpg,-1,-1,-1,1,-1,-1,-1,-1,-1,-1,-1,1,2
2878.jpg,-1,-1,-1,-1,-1,-1,-1,-1,-1,-1,1,1,2
2881.jpg,-1,-1,-1,-1,-1,-1,-1,-1,-1,-1,-1,1,2
2887.jpg,-1,-1,-1,-1,-1,1,-1,-1,-1,-1,-1,1,2
2897.jpg,-1,-1,-1,-1,1,1,-1,-1,-1,-1,1,1,2
2905.jpg,1,-1,-1,-1,-1,1,-1,-1,1,-1,-1,1,2
2916.jpg,-1,-1,-1,-1,-1,1,-1,-1,-1,-1,-1,1,2
2923.jpg,-1,-1,-1,-1,1,1,-1,-1,-1,-1,1,1,2
2930.jpg,1,-1,-1,-1,-1,1,-1,-1,1,-1,-1,1,2
2931.jpg,-1,-1,-1,-1,-1,-1,-1,-1,1,-1,-1,1,2
2936.jpg,1,-1,-1,-1,-1,-1,-1,-1,1,-1,-1,1,2
2950.jpg,-1,-1,-1,-1,1,-1,-1,-1,-1,-1,-1,1,2
2961.jpg,-1,-1,-1,-1,-1,-1,1,-1,-1,-1,-1,1,2
2972.jpg,1,-1,-1,-1,-1,-1,1,-1,1,-1,-1,1,2
2984.jpg,-1,-1,-1,-1,1,-1,-1,-1,-1,-1,-1,1,2
2985.jpg,1,-1,-1,-1,-1,1,-1,-1,-1,-1,-1,1,2
2993.jpg,-1,-1,-1,-1,-1,-1,-1,-1,-1,-1,-1,1,2
3012.jpg,-1,-1,-1,-1,-1,-1,-1,-1,-1,-1,-1,1,2
3033.jpg,-1,-1,-1,-1,-1,1,-1,-1,-1,-1,-1,1,2
3034.jpg,-1,-1,-1,-1,-1,-1,-1,-1,1,-1,-1,1,2
3071.jpg,-1,-1,-1,-1,-1,-1,-1,-1,-1,1,-1,1,4
3076.jpg,-1,-1,-1,-1,1,-1,-1,-1,-1,1,-1,1,4
3078.jpg,1,-1,-1,-1,-1,-1,-1,-1,1,-1,-1,1,2
3081.jpg,-1,-1,-1,-1,-1,-1,-1,-1,-1,-1,1,1,3
3088.jpg,-1,-1,-1,-1,1,-1,-1,-1,-1,-1,-1,1,2
3094.jpg,-1,-1,-1,1,-1,-1,-1,-1,1,-1,-1,1,2
3108.jpg,-1,-1,-1,1,-1,-1,1,-1,-1,-1,-1,1,2
3129.jpg,1,-1,-1,-1,-1,-1,1,-1,1,-1,-1,1,2
3132.jpg,1,-1,-1,-1,-1,1,-1,-1,-1,-1,-1,1,2
3180.jpg,1,-1,-1,-1,-1,-1,-1,-1,-1,-1,-1,1,2
3182.jpg,-1,-1,-1,1,-1,-1,1,-1,1,-1,-1,1,2
3193.jpg,-1,-1,-1,-1,-1,-1,-1,-1,1,-1,-1,1,2
3195.jpg,-1,-1,-1,-1,-1,-1,-1,-1,1,-1,-1,1,2
3196.jpg,1,-1,-1,-1,-1,1,-1,-1,1,-1,-1,1,2
3203.jpg,-1,-1,-1,1,-1,-1,1,-1,1,-1,-1,1,2
3206.jpg,1,-1,-1,-1,-1,-1,1,-1,-1,-1,-1,1,2
3212.jpg,1,-1,-1,-1,-1,-1,1,-1,1,-1,-1,1,2
3213.jpg,1,-1,-1,-1,-1,-1,-1,-1,1,-1,-1,1,2
3217.jpg,1,-1,-1,-1,-1,-1,-1,-1,1,-1,-1,1,2
3218.jpg,-1,-1,-1,-1,-1,-1,-1,-1,-1,-1,-1,1,2
3221.jpg,1,-1,-1,-1,-1,-1,-1,-1,1,-1,-1,1,2
3225.jpg,-1,-1,-1,-1,-1,-1,-1,-1,-1,-1,1,1,2
3262.jpg,-1,-1,-1,-1,-1,1,-1,-1,1,-1,-1,1,2
3297.jpg,-1,-1,-1,-1,1,-1,-1,-1,-1,-1,-1,1,2
3299.jpg,1,-1,-1,-1,-1,1,-1,-1,-1,-1,-1,1,2
3303.jpg,1,-1,-1,-1,-1,-1,1,-1,1,-1,-1,1,2
3327.jpg,1,-1,-1,-1,-1,1,-1,-1,1,-1,-1,1,2
3339.jpg,-1,-1,-1,-1,-1,-1,-1,1,-1,-1,-1,1,2
3347.jpg,-1,-1,-1,-1,-1,-1,1,-1,-1,-1,-1,1,2
3349.jpg,1,-1,-1,-1,-1,-1,-1,-1,1,-1,-1,1,2
3352.jpg,-1,-1,-1,-1,-1,-1,-1,-1,1,-1,-1,1,2
3361.jpg,-1,-1,-1,-1,-1,1,-1,-1,-1,-1,-1,1,2
3362.jpg,1,-1,-1,-1,-1,-1,1,-1,1,-1,-1,1,2
3389.jpg,-1,-1,-1,-1,-1,-1,-1,-1,-1,1,1,1,3
3405.jpg,1,-1,-1,-1,-1,-1,1,-1,1,-1,-1,1,2
3432.jpg,-1,-1,-1,-1,1,-1,-1,-1,-1,1,1,1,3
3459.jpg,-1,-1,-1,-1,-1,-1,-1,-1,1,1,-1,1,4
3501.jpg,-1,-1,-1,-1,-1,-1,-1,-1,-1,1,-1,1,4
3531.jpg,-1,-1,-1,-1,-1,-1,-1,-1,-1,1,-1,1,4
3696.jpg,-1,-1,-1,-1,1,-1,-1,-1,-1,1,1,1,3
3782.jpg,-1,-1,-1,-1,-1,-1,-1,-1,-1,1,-1,1,4
3982.jpg,-1,-1,-1,-1,1,-1,-1,-1,-1,1,1,1,3
4004.jpg,-1,-1,-1,-1,-1,-1,-1,-1,-1,1,-1,1,4
4053.jpg,-1,-1,-1,-1,-1,-1,-1,-1,1,1,-1,1,4
4065.jpg,-1,-1,-1,-1,-1,-1,-1,-1,1,1,-1,1,4
4122.jpg,-1,-1,-1,-1,1,-1,-1,-1,-1,1,1,1,3
4135.jpg,-1,-1,-1,-1,1,-1,-1,-1,-1,1,1,1,4
4141.jpg,-1,-1,-1,-1,-1,-1,-1,-1,-1,1,1,1,3
4601.jpg,-1,-1,-1,-1,1,-1,-1,-1,-1,1,1,1,4
4629.jpg,-1,-1,-1,-1,-1,-1,-1,-1,-1,1,-1,1,4
4648.jpg,-1,-1,-1,-1,-1,-1,-1,-1,-1,1,1,1,3
4737.jpg,-1,-1,-1,-1,-1,-1,-1,-1,-1,1,-1,1,4
4765.jpg,-1,-1,-1,-1,-1,-1,-1,-1,-1,1,-1,1,4
4812.jpg,-1,-1,-1,-1,1,-1,-1,-1,-1,1,1,1,3
4949.jpg,-1,-1,-1,-1,1,-1,-1,-1,-1,1,1,1,3
5118.jpg,-1,-1,-1,-1,1,-1,-1,-1,-1,1,1,1,3
5261.jpg,-1,-1,-1,-1,-1,-1,-1,-1,1,1,1,1,4
5321.jpg,-1,-1,-1,-1,-1,-1,-1,-1,-1,1,-1,1,4
5343.jpg,-1,-1,-1,-1,-1,-1,-1,-1,-1,1,-1,1,3
5345.jpg,-1,-1,-1,-1,1,-1,-1,-1,-1,1,-1,1,3
5432.jpg,-1,-1,-1,-1,1,-1,-1,-1,-1,1,1,1,3
5452.jpg,-1,-1,-1,-1,1,-1,-1,-1,-1,1,1,1,4
5494.jpg,-1,-1,-1,-1,1,-1,-1,-1,-1,1,1,1,3
5526.jpg,-1,-1,-1,-1,1,-1,-1,-1,-1,1,1,1,3
5527.jpg,-1,-1,-1,-1,-1,-1,-1,-1,-1,1,-1,1,3
5648.jpg,-1,-1,-1,-1,-1,-1,-1,-1,-1,1,-1,1,4
5695.jpg,-1,-1,-1,-1,-1,-1,-1,-1,-1,1,1,1,3
5813.jpg,-1,-1,-1,-1,-1,-1,-1,-1,-1,1,-1,1,3
5941.jpg,-1,-1,-1,-1,-1,-1,-1,-1,-1,1,1,1,4
5952.jpg,-1,-1,-1,-1,1,-1,-1,-1,-1,1,-1,1,4
6178.jpg,-1,-1,-1,-1,-1,-1,-1,-1,-1,1,1,1,3
6210.jpg,-1,-1,-1,-1,-1,-1,-1,-1,1,1,-1,1,4
6285.jpg,-1,-1,-1,-1,-1,-1,-1,-1,1,1,-1,1,4
6307.jpg,-1,-1,-1,-1,-1,-1,-1,-1,-1,1,-1,1,3
6396.jpg,-1,-1,-1,-1,-1,-1,-1,-1,1,1,-1,1,4
6563.jpg,-1,-1,-1,-1,-1,-1,-1,-1,1,1,1,1,3
6571.jpg,-1,-1,-1,-1,-1,-1,-1,-1,-1,1,1,1,4
6632.jpg,-1,-1,-1,-1,1,1,-1,-1,-1,1,1,1,3
6668.jpg,-1,-1,-1,-1,-1,-1,-1,-1,1,1,-1,1,4
6681.jpg,-1,-1,-1,-1,1,-1,-1,-1,-1,1,1,1,3
6812.jpg,-1,-1,-1,-1,1,-1,-1,-1,-1,1,1,1,3
6829.jpg,-1,-1,-1,-1,-1,-1,-1,-1,-1,1,-1,1,4
6881.jpg,-1,-1,-1,-1,-1,-1,-1,-1,-1,1,-1,1,4
6957.jpg,-1,-1,-1,-1,-1,-1,-1,-1,-1,1,-1,1,4
6977.jpg,-1,-1,-1,-1,-1,-1,-1,-1,-1,1,-1,1,4
6988.jpg,-1,-1,-1,-1,1,-1,-1,-1,-1,1,1,1,3
7163.jpg,-1,-1,-1,-1,-1,-1,-1,-1,1,1,-1,1,4
7249.jpg,-1,-1,-1,-1,-1,-1,-1,-1,-1,1,-1,1,3
7273.jpg,-1,-1,-1,-1,-1,-1,-1,-1,1,1,-1,1,4
7292.jpg,-1,-1,-1,-1,1,-1,-1,-1,-1,1,1,1,3
7361.jpg,-1,-1,-1,-1,-1,-1,-1,-1,-1,1,1,1,4
7443.jpg,-1,-1,-1,-1,-1,-1,-1,-1,-1,1,-1,1,4
7585.jpg,-1,-1,-1,-1,1,-1,-1,-1,-1,1,1,1,3
7660.jpg,-1,-1,-1,-1,1,-1,-1,-1,-1,1,1,1,3
7697.jpg,-1,-1,-1,-1,-1,-1,-1,-1,-1,1,-1,1,4
7708.jpg,-1,-1,-1,-1,-1,-1,-1,-1,-1,1,-1,1,4
7714.jpg,-1,-1,-1,-1,-1,-1,-1,-1,-1,1,-1,1,4
7752.jpg,-1,-1,-1,-1,1,-1,-1,-1,-1,1,1,1,3
7852.jpg,-1,-1,-1,-1,-1,-1,-1,-1,-1,1,-1,1,4
7863.jpg,-1,-1,-1,-1,1,-1,-1,-1,-1,1,1,1,4
7945.jpg,-1,-1,-1,-1,-1,-1,-1,-1,-1,1,-1,1,4
7953.jpg,-1,-1,-1,-1,-1,-1,-1,-1,-1,1,-1,1,4
7955.jpg,-1,-1,-1,-1,-1,-1,-1,-1,-1,1,-1,1,3
8082.jpg,-1,-1,-1,-1,-1,-1,-1,-1,1,1,1,1,4
8118.jpg,-1,-1,-1,-1,-1,-1,-1,-1,-1,1,1,1,3
8152.jpg,-1,-1,-1,-1,-1,-1,-1,-1,-1,1,-1,1,4
8188.jpg,-1,-1,-1,-1,-1,-1,-1,-1,1,1,-1,1,4
8259.jpg,-1,-1,-1,-1,1,1,-1,-1,-1,1,1,1,3
8318.jpg,-1,-1,-1,-1,-1,-1,-1,-1,-1,1,-1,1,4
8329.jpg,-1,-1,-1,-1,-1,-1,-1,-1,-1,1,-1,1,4
8396.jpg,-1,-1,-1,-1,-1,-1,-1,-1,1,1,-1,1,4
8445.jpg,-1,-1,-1,-1,-1,-1,-1,-1,-1,1,1,1,3
8449.jpg,-1,-1,-1,-1,-1,-1,-1,-1,-1,1,-1,1,4
8463.jpg,-1,-1,-1,-1,-1,-1,-1,-1,-1,1,-1,1,3
8470.jpg,-1,-1,-1,-1,-1,-1,-1,-1,-1,1,-1,1,3
8567.jpg,-1,-1,-1,-1,-1,-1,-1,-1,-1,1,-1,1,4
8600.jpg,-1,-1,-1,-1,1,-1,-1,-1,-1,1,-1,1,3
8669.jpg,-1,-1,-1,-1,-1,-1,-1,1,-1,1,-1,1,4
8682.jpg,-1,-1,-1,-1,-1,-1,-1,-1,-1,1,1,1,4
8690.jpg,-1,-1,-1,-1,-1,-1,-1,-1,-1,1,-1,1,4
8711.jpg,-1,-1,-1,-1,-1,-1,-1,-1,-1,1,1,1,3
8765.jpg,-1,-1,-1,-1,-1,-1,-1,-1,-1,1,1,1,4
8853.jpg,-1,-1,-1,-1,-1,-1,-1,-1,-1,1,1,1,3
8882.jpg,-1,-1,-1,-1,-1,-1,-1,-1,-1,1,-1,1,4
8945.jpg,-1,-1,-1,-1,-1,-1,-1,-1,1,1,-1,1,4
8983.jpg,-1,-1,-1,-1,1,-1,-1,-1,-1,1,1,1,3
9003.jpg,-1,-1,-1,-1,1,-1,-1,-1,-1,1,1,1,3
9079.jpg,-1,-1,-1,-1,-1,-1,-1,-1,-1,1,1,1,3
9151.jpg,-1,-1,-1,-1,-1,-1,-1,-1,-1,1,-1,1,4
9155.jpg,-1,-1,-1,-1,1,-1,-1,-1,-1,1,-1,1,3
9202.jpg,-1,-1,-1,-1,1,-1,-1,-1,-1,1,-1,1,3
9314.jpg,-1,-1,-1,-1,1,-1,-1,-1,-1,1,1,1,3
9331.jpg,-1,-1,-1,-1,-1,-1,-1,-1,-1,1,1,1,4
9368.jpg,-1,-1,-1,-1,-1,-1,-1,-1,-1,1,-1,1,4
9392.jpg,-1,-1,-1,-1,-1,-1,-1,-1,1,1,-1,1,4
9588.jpg,-1,-1,-1,-1,-1,-1,-1,-1,-1,1,1,1,4
9595.jpg,-1,-1,-1,-1,-1,-1,-1,-1,-1,1,-1,1,4
9676.jpg,-1,-1,-1,-1,-1,-1,-1,-1,-1,1,1,1,4
9901.jpg,-1,-1,-1,-1,1,-1,-1,-1,-1,1,1,1,3
9932.jpg,-1,-1,-1,-1,-1,-1,-1,-1,-1,1,1,1,3
9947.jpg,-1,-1,-1,-1,-1,-1,-1,-1,1,1,-1,1,4
10011.jpg,-1,-1,-1,-1,-1,-1,-1,-1,-1,-1,1,1,4
10048.jpg,-1,-1,-1,-1,1,-1,-1,-1,-1,1,1,1,3
10106.jpg,-1,-1,-1,-1,1,-1,-1,-1,-1,1,1,1,3
10163.jpg,-1,-1,-1,-1,1,-1,-1,-1,-1,1,-1,1,3
10164.jpg,-1,-1,-1,-1,-1,-1,-1,-1,1,1,-1,1,4
10237.jpg,-1,-1,-1,-1,1,-1,-1,-1,-1,1,1,1,3
10239.jpg,-1,-1,-1,-1,-1,-1,-1,-1,-1,-1,1,1,3
10255.jpg,-1,-1,-1,-1,1,-1,-1,-1,-1,-1,1,1,3
10259.jpg,-1,-1,-1,-1,-1,-1,-1,-1,-1,-1,-1,1,3
10260.jpg,-1,-1,-1,-1,1,-1,-1,-1,-1,1,1,1,3
10300.jpg,-1,-1,-1,-1,1,-1,-1,-1,-1,1,1,1,3
10308.jpg,-1,-1,-1,-1,-1,-1,-1,-1,-1,1,-1,1,4
10368.jpg,-1,-1,-1,-1,-1,-1,-1,-1,-1,1,-1,1,3
10406.jpg,-1,-1,-1,-1,-1,-1,-1,-1,1,1,-1,1,4
10429.jpg,-1,-1,-1,-1,-1,-1,-1,-1,1,1,-1,1,4
10462.jpg,-1,-1,-1,-1,-1,-1,-1,-1,1,1,-1,1,4
10495.jpg,-1,-1,-1,-1,-1,-1,-1,-1,-1,1,-1,1,4
10524.jpg,-1,-1,-1,-1,-1,-1,-1,-1,-1,1,-1,1,3
10637.jpg,-1,-1,-1,-1,-1,-1,-1,-1,-1,1,1,1,3
10657.jpg,-1,-1,-1,-1,-1,-1,-1,-1,-1,1,-1,1,4
10664.jpg,-1,-1,-1,-1,1,-1,-1,-1,-1,-1,1,1,3
10683.jpg,-1,-1,-1,-1,-1,-1,-1,-1,1,-1,1,1,4
10748.jpg,-1,-1,-1,-1,-1,-1,-1,-1,1,-1,1,1,3
10766.jpg,-1,-1,-1,-1,1,-1,-1,-1,-1,1,1,1,3
10789.jpg,-1,-1,-1,-1,-1,-1,-1,-1,1,-1,1,1,4
10847.jpg,-1,-1,-1,-1,-1,-1,-1,-1,-1,1,1,1,3
10867.jpg,-1,-1,-1,-1,-1,-1,-1,-1,1,1,-1,1,4
10874.jpg,-1,-1,-1,-1,1,-1,-1,-1,-1,-1,1,1,3
10962.jpg,-1,-1,-1,-1,1,1,-1,-1,-1,-1,-1,1,3
11010.jpg,-1,-1,-1,-1,-1,-1,-1,-1,-1,1,1,1,4
11012.jpg,-1,-1,-1,-1,1,-1,-1,-1,-1,-1,1,1,3
11031.jpg,-1,-1,-1,-1,-1,-1,-1,-1,-1,-1,1,1,3
11040.jpg,-1,-1,-1,-1,-1,-1,-1,-1,-1,-1,1,1,3
11067.jpg,-1,-1,-1,-1,-1,-1,-1,-1,-1,-1,1,1,3
11088.jpg,-1,-1,-1,-1,-1,-1,-1,-1,-1,-1,-1,1,3
11089.jpg,-1,-1,-1,-1,-1,-1,-1,-1,1,1,1,1,4
11181.jpg,-1,-1,-1,-1,1,-1,-1,-1,-1,-1,-1,1,4
11207.jpg,-1,-1,-1,-1,-1,-1,-1,-1,-1,-1,1,1,4
11228.jpg,-1,-1,-1,-1,1,-1,-1,-1,-1,-1,1,1,3
11355.jpg,-1,-1,-1,-1,-1,-1,-1,-1,-1,1,1,1,3
11437.jpg,-1,-1,-1,-1,1,-1,-1,-1,-1,1,1,1,3
11438.jpg,-1,-1,-1,-1,-1,-1,-1,-1,1,-1,1,1,4
11464.jpg,-1,-1,-1,-1,-1,-1,-1,-1,1,1,-1,1,4
11485.jpg,-1,-1,-1,-1,-1,-1,-1,-1,-1,1,-1,1,4
11510.jpg,-1,-1,-1,-1,-1,1,-1,-1,-1,-1,-1,1,3
11541.jpg,-1,-1,-1,-1,-1,-1,-1,-1,-1,1,-1,1,4
11602.jpg,-1,-1,-1,-1,-1,-1,-1,-1,-1,1,-1,1,4
11633.jpg,-1,-1,-1,-1,1,-1,-1,-1,-1,1,1,1,3
11657.jpg,-1,-1,-1,-1,-1,-1,-1,-1,-1,1,1,1,3
11691.jpg,-1,-1,-1,-1,-1,-1,-1,-1,-1,-1,1,1,3
11723.jpg,-1,-1,-1,-1,-1,-1,-1,-1,1,-1,-1,1,3
11760.jpg,-1,-1,-1,-1,1,-1,-1,-1,-1,1,1,1,3
11778.jpg,-1,-1,-1,-1,-1,-1,-1,-1,1,1,-1,1,3
11821.jpg,-1,-1,-1,-1,1,-1,-1,-1,-1,1,1,1,3
11840.jpg,-1,-1,-1,-1,-1,-1,-1,-1,-1,1,-1,1,4
11870.jpg,-1,-1,-1,-1,-1,-1,-1,-1,1,1,-1,1,4
11879.jpg,-1,-1,-1,-1,1,-1,-1,-1,-1,1,1,1,3
11909.jpg,-1,-1,-1,-1,1,-1,-1,-1,-1,1,1,1,3
11931.jpg,-1,-1,-1,-1,-1,-1,-1,-1,-1,-1,1,1,3
11937.jpg,-1,-1,-1,-1,1,-1,-1,-1,-1,1,1,1,3
11944.jpg,-1,-1,-1,-1,1,-1,-1,-1,-1,1,1,1,3
11958.jpg,-1,-1,-1,-1,-1,-1,-1,-1,-1,-1,-1,1,3
11976.jpg,-1,-1,-1,-1,1,-1,-1,-1,-1,1,-1,1,4
11998.jpg,-1,-1,-1,-1,1,-1,-1,-1,-1,-1,1,1,3
12007.jpg,-1,-1,-1,1,-1,-1,-1,-1,-1,-1,-1,1,3
12009.jpg,-1,-1,-1,-1,1,-1,-1,-1,-1,-1,1,1,3
12016.jpg,-1,-1,-1,-1,-1,-1,-1,-1,-1,1,-1,1,4
12023.jpg,1,-1,-1,-1,-1,-1,-1,-1,-1,-1,1,1,3
12037.jpg,-1,-1,-1,-1,-1,-1,-1,-1,-1,-1,1,1,4
12045.jpg,-1,-1,-1,-1,-1,-1,-1,-1,-1,-1,-1,1,3
12076.jpg,-1,-1,-1,-1,-1,1,-1,-1,-1,-1,-1,1,3
12077.jpg,-1,-1,-1,-1,1,-1,-1,-1,-1,1,1,1,3
12089.jpg,-1,-1,-1,-1,1,-1,-1,-1,-1,1,1,1,3
12123.jpg,-1,-1,-1,-1,-1,-1,-1,-1,-1,-1,1,1,3
12129.jpg,-1,-1,-1,-1,-1,-1,-1,-1,1,1,-1,1,4
12132.jpg,-1,-1,-1,-1,1,-1,-1,-1,-1,1,1,1,3
12137.jpg,-1,-1,-1,-1,-1,-1,-1,-1,1,1,-1,1,4
12154.jpg,-1,-1,-1,-1,1,-1,-1,-1,-1,1,1,1,3
12160.jpg,-1,-1,-1,1,-1,-1,-1,-1,-1,-1,1,1,3
12177.jpg,-1,-1,-1,-1,1,-1,-1,-1,-1,1,1,1,3
12196.jpg,-1,-1,-1,-1,-1,-1,-1,-1,-1,1,-1,1,3
12226.jpg,-1,-1,-1,-1,1,-1,-1,-1,-1,1,-1,1,3
12338.jpg,-1,-1,-1,-1,-1,-1,-1,-1,-1,-1,1,1,3
12366.jpg,-1,-1,-1,-1,-1,-1,-1,-1,-1,-1,-1,1,3
12383.jpg,-1,-1,-1,-1,-1,-1,-1,-1,-1,1,-1,1,4
12389.jpg,-1,-1,-1,-1,1,1,-1,-1,-1,-1,1,1,3
12425.jpg,-1,-1,-1,-1,1,-1,-1,-1,-1,-1,-1,1,3
12426.jpg,-1,-1,-1,-1,-1,-1,-1,-1,1,1,-1,1,4
12439.jpg,-1,-1,-1,-1,1,-1,-1,-1,-1,1,1,1,3
12463.jpg,-1,-1,-1,-1,1,-1,-1,-1,-1,1,1,1,3
12529.jpg,-1,-1,-1,-1,-1,-1,-1,-1,-1,-1,1,1,3
12597.jpg,-1,-1,-1,-1,-1,-1,-1,-1,-1,1,1,1,3
12617.jpg,-1,-1,-1,-1,-1,1,-1,-1,1,-1,1,1,3
12630.jpg,-1,-1,-1,-1,-1,-1,-1,-1,-1,1,1,1,4
12640.jpg,-1,-1,-1,-1,1,-1,-1,-1,-1,1,1,1,3
12645.jpg,-1,-1,-1,-1,1,-1,-1,-1,-1,-1,-1,1,3
12684.jpg,-1,-1,-1,-1,-1,-1,-1,-1,-1,1,-1,1,4
12742.jpg,-1,-1,-1,-1,-1,-1,-1,-1,-1,-1,-1,1,3
12750.jpg,-1,-1,-1,-1,-1,-1,-1,-1,1,1,-1,1,4
12756.jpg,-1,-1,-1,-1,1,-1,-1,-1,-1,-1,1,1,3
12794.jpg,-1,-1,-1,-1,1,-1,-1,-1,-1,1,1,1,3
12798.jpg,-1,-1,-1,-1,-1,-1,-1,-1,-1,1,-1,1,4
12845.jpg,-1,-1,-1,-1,1,-1,-1,-1,-1,-1,1,1,3
12887.jpg,-1,-1,-1,-1,-1,-1,-1,-1,-1,1,-1,1,4
12898.jpg,1,-1,-1,-1,-1,1,-1,-1,-1,-1,1,1,3
12904.jpg,-1,-1,-1,-1,1,-1,-1,-1,-1,-1,1,1,3
12916.jpg,-1,-1,-1,-1,1,-1,-1,-1,-1,-1,1,1,3
12979.jpg,-1,-1,-1,-1,1,-1,-1,-1,-1,-1,1,1,3
12982.jpg,-1,-1,-1,-1,-1,-1,-1,-1,1,1,1,1,4
12995.jpg,-1,-1,-1,-1,-1,-1,-1,-1,-1,1,-1,1,4
13015.jpg,-1,-1,-1,-1,1,-1,-1,-1,-1,1,1,1,3
13093.jpg,-1,-1,-1,-1,-1,-1,-1,-1,-1,1,-1,1,4
13122.jpg,1,-1,-1,-1,-1,-1,-1,-1,1,-1,1,1,4
13138.jpg,-1,-1,-1,-1,-1,-1,-1,-1,-1,1,-1,1,4
13143.jpg,-1,-1,-1,-1,1,-1,-1,-1,-1,-1,1,1,3
13158.jpg,-1,-1,-1,-1,-1,-1,-1,-1,-1,-1,1,1,3
13173.jpg,-1,-1,-1,-1,-1,-1,-1,-1,-1,-1,1,1,3
13180.jpg,1,-1,-1,-1,-1,-1,-1,-1,-1,-1,1,1,3
13196.jpg,-1,-1,-1,-1,-1,1,-1,-1,1,-1,1,1,3
13209.jpg,-1,-1,-1,-1,-1,-1,-1,-1,1,-1,-1,1,3
13222.jpg,-1,-1,-1,-1,1,-1,-1,-1,-1,-1,1,1,3
13224.jpg,-1,-1,-1,-1,-1,-1,-1,-1,-1,-1,1,1,3
13238.jpg,-1,-1,-1,-1,-1,-1,-1,-1,-1,1,-1,1,4
13242.jpg,-1,-1,-1,-1,-1,-1,-1,-1,-1,1,-1,1,4
13298.jpg,-1,-1,-1,-1,1,-1,-1,-1,-1,-1,1,1,3
13332.jpg,-1,-1,-1,-1,1,-1,-1,-1,-1,1,1,1,4
13347.jpg,-1,-1,-1,-1,-1,-1,-1,-1,-1,1,1,1,3
13356.jpg,-1,-1,-1,-1,-1,-1,-1,-1,1,-1,-1,1,3
13394.jpg,-1,-1,-1,-1,-1,-1,-1,-1,-1,1,-1,1,4
13413.jpg,-1,-1,-1,-1,-1,-1,-1,-1,1,1,-1,1,4
13416.jpg,-1,-1,-1,-1,-1,-1,-1,-1,-1,1,-1,1,4
13479.jpg,-1,-1,-1,-1,-1,-1,-1,-1,-1,1,-1,1,4
13482.jpg,-1,-1,-1,-1,-1,-1,-1,-1,1,1,-1,1,4
13500.jpg,-1,-1,-1,-1,-1,-1,-1,-1,1,-1,-1,1,4
13509.jpg,-1,-1,-1,-1,1,-1,-1,-1,-1,-1,1,1,3
13588.jpg,-1,-1,-1,-1,-1,-1,-1,-1,-1,1,-1,1,4
13596.jpg,1,-1,-1,-1,-1,-1,-1,-1,-1,-1,1,1,3
13619.jpg,-1,-1,-1,-1,-1,-1,-1,-1,-1,1,-1,1,3
13631.jpg,-1,-1,-1,-1,-1,-1,-1,-1,-1,1,-1,1,4
13637.jpg,-1,-1,-1,-1,-1,-1,-1,-1,-1,-1,1,1,3
13640.jpg,-1,-1,-1,-1,-1,-1,-1,-1,-1,1,-1,1,4
13646.jpg,-1,-1,-1,-1,-1,-1,-1,-1,-1,1,1,1,4
13689.jpg,-1,-1,-1,-1,-1,-1,-1,-1,-1,1,1,1,3
13690.jpg,-1,-1,-1,-1,-1,-1,-1,-1,-1,1,-1,1,4
13691.jpg,-1,-1,-1,-1,-1,-1,-1,-1,-1,1,-1,1,4
13696.jpg,-1,-1,-1,-1,1,1,-1,-1,-1,-1,1,1,3
13727.jpg,-1,-1,-1,-1,-1,-1,-1,-1,1,1,-1,1,4
13734.jpg,-1,-1,-1,-1,-1,-1,-1,-1,-1,1,-1,1,3
13746.jpg,-1,-1,-1,-1,-1,-1,-1,-1,1,-1,1,1,3
13747.jpg,-1,-1,-1,-1,1,-1,-1,-1,-1,1,1,1,3
13757.jpg,-1,-1,-1,-1,1,-1,-1,-1,-1,1,-1,1,3
13783.jpg,-1,-1,-1,-1,1,-1,-1,-1,-1,1,1,1,3
13785.jpg,-1,-1,-1,-1,-1,-1,-1,-1,-1,-1,1,1,3
13797.jpg,-1,-1,-1,-1,1,-1,-1,-1,-1,-1,-1,1,3
13801.jpg,-1,-1,-1,-1,-1,-1,-1,-1,1,1,-1,1,4
13828.jpg,-1,-1,-1,-1,-1,-1,-1,-1,-1,1,1,1,3
13831.jpg,-1,-1,-1,-1,-1,-1,-1,-1,1,-1,1,1,4
13834.jpg,-1,-1,-1,-1,-1,-1,-1,-1,-1,1,-1,1,3
13843.jpg,-1,-1,-1,-1,-1,-1,-1,-1,1,-1,1,1,3
13883.jpg,-1,-1,-1,-1,-1,-1,1,-1,-1,-1,1,1,3
13884.jpg,-1,-1,-1,-1,1,-1,-1,-1,-1,1,-1,1,3
13931.jpg,-1,-1,-1,-1,1,-1,-1,-1,-1,-1,1,1,3
13932.jpg,-1,-1,-1,-1,-1,-1,-1,-1,1,-1,1,1,4
13945.jpg,-1,-1,-1,-1,-1,-1,-1,-1,1,1,-1,1,4
13995.jpg,-1,-1,-1,-1,1,-1,-1,-1,-1,1,1,1,3
14004.jpg,-1,-1,-1,-1,-1,-1,-1,-1,-1,-1,-1,1,3
14039.jpg,-1,-1,-1,-1,1,-1,-1,-1,-1,-1,1,1,3
14041.jpg,-1,-1,-1,-1,1,-1,-1,-1,-1,-1,1,1,3
14056.jpg,-1,-1,-1,1,-1,-1,-1,-1,-1,-1,1,1,3
14058.jpg,-1,-1,-1,-1,-1,-1,-1,-1,-1,-1,1,1,3
14062.jpg,-1,-1,-1,-1,-1,-1,-1,-1,-1,1,1,1,3
14083.jpg,-1,-1,-1,-1,1,-1,-1,-1,-1,-1,1,1,3
14094.jpg,-1,-1,-1,-1,1,-1,-1,-1,-1,1,-1,1,3
14129.jpg,-1,-1,-1,-1,-1,-1,-1,-1,-1,1,-1,1,4
14141.jpg,-1,-1,-1,-1,1,-1,-1,-1,-1,-1,1,1,3
14143.jpg,-1,-1,-1,-1,-1,-1,-1,-1,-1,-1,1,1,3
14145.jpg,-1,-1,-1,-1,1,-1,-1,-1,-1,-1,-1,1,3
14152.jpg,-1,-1,-1,-1,-1,-1,-1,-1,-1,1,-1,1,4
14182.jpg,-1,-1,-1,-1,1,-1,-1,-1,-1,1,1,1,4
14199.jpg,-1,-1,-1,-1,-1,-1,-1,-1,1,-1,-1,1,4
14205.jpg,-1,-1,-1,-1,-1,-1,-1,-1,-1,1,-1,1,4
14207.jpg,-1,-1,-1,-1,-1,-1,-1,-1,-1,1,-1,1,4
14209.jpg,-1,-1,-1,-1,-1,-1,-1,-1,-1,1,-1,1,3
14237.jpg,-1,-1,-1,-1,-1,-1,-1,-1,-1,1,1,1,3
14240.jpg,-1,-1,-1,-1,-1,-1,-1,-1,1,1,-1,1,4
14249.jpg,-1,-1,-1,-1,-1,-1,-1,-1,-1,1,-1,1,4
14255.jpg,-1,-1,-1,-1,1,-1,-1,-1,-1,1,-1,1,4
14288.jpg,-1,-1,-1,-1,-1,-1,-1,-1,-1,1,-1,1,4
14299.jpg,-1,-1,-1,-1,-1,-1,-1,-1,-1,-1,-1,1,4
14340.jpg,-1,-1,-1,-1,-1,-1,-1,-1,1,1,1,1,4
14371.jpg,-1,-1,-1,-1,-1,-1,-1,-1,-1,1,-1,1,3
14411.jpg,-1,-1,-1,-1,-1,-1,-1,-1,-1,-1,1,1,3
14432.jpg,-1,-1,-1,-1,-1,-1,-1,-1,-1,-1,-1,1,3
14451.jpg,-1,-1,-1,-1,-1,-1,-1,-1,-1,1,-1,1,3
14453.jpg,-1,-1,-1,-1,1,-1,-1,-1,-1,1,-1,1,3
14454.jpg,-1,-1,-1,-1,-1,-1,-1,-1,1,1,-1,1,4
14481.jpg,-1,-1,-1,-1,-1,-1,-1,-1,1,1,-1,1,4
14488.jpg,-1,-1,-1,-1,-1,-1,-1,-1,-1,-1,-1,1,3
14506.jpg,-1,-1,-1,-1,-1,-1,-1,-1,-1,-1,1,1,3
14518.jpg,-1,-1,-1,-1,-1,-1,-1,-1,-1,1,1,1,3
14520.jpg,-1,-1,-1,-1,-1,-1,-1,-1,-1,-1,-1,1,3
14544.jpg,-1,-1,-1,-1,1,-1,-1,-1,-1,-1,1,1,3
14563.jpg,1,-1,-1,-1,-1,-1,-1,-1,1,-1,1,1,3
14585.jpg,-1,-1,-1,-1,-1,-1,-1,-1,-1,1,-1,1,4
14592.jpg,1,-1,-1,-1,-1,-1,-1,-1,1,-1,-1,1,4
14614.jpg,-1,-1,-1,-1,-1,-1,-1,-1,-1,-1,1,1,3
14619.jpg,-1,-1,-1,-1,-1,-1,-1,-1,1,-1,-1,1,4
14625.jpg,-1,-1,-1,-1,-1,-1,-1,-1,-1,1,-1,1,4
14666.jpg,-1,-1,-1,-1,1,-1,-1,-1,-1,1,-1,1,4
14674.jpg,-1,-1,-1,-1,1,-1,-1,-1,-1,1,1,1,3
14705.jpg,-1,-1,-1,-1,-1,-1,-1,-1,1,1,-1,1,4
14737.jpg,-1,-1,-1,-1,-1,-1,-1,-1,-1,1,-1,1,4
14751.jpg,-1,-1,-1,-1,1,-1,-1,-1,-1,-1,1,1,3
14786.jpg,-1,-1,-1,-1,-1,-1,-1,-1,-1,1,1,1,3
14788.jpg,-1,-1,-1,-1,-1,-1,-1,-1,1,-1,-1,1,4
14800.jpg,-1,-1,-1,-1,-1,-1,-1,-1,1,1,-1,1,4
14807.jpg,-1,-1,-1,-1,-1,-1,-1,-1,-1,1,1,1,4
14809.jpg,-1,-1,-1,-1,-1,-1,-1,-1,-1,1,-1,1,4
14823.jpg,-1,-1,-1,-1,1,-1,-1,-1,-1,1,1,1,3
14830.jpg,-1,-1,-1,-1,-1,-1,-1,-1,-1,1,-1,1,4
14833.jpg,-1,-1,-1,-1,1,-1,-1,-1,-1,1,1,1,3
14847.jpg,-1,-1,-1,-1,-1,-1,-1,-1,-1,-1,1,1,3
14851.jpg,-1,-1,-1,-1,-1,1,-1,-1,-1,-1,-1,1,3
14880.jpg,-1,-1,-1,1,-1,-1,-1,-1,-1,-1,-1,1,3
14921.jpg,-1,-1,-1,-1,1,1,-1,-1,-1,-1,1,1,3
14947.jpg,-1,-1,-1,-1,-1,-1,-1,-1,-1,-1,1,1,3
14955.jpg,-1,-1,-1,-1,1,-1,-1,-1,-1,-1,1,1,3
14989.jpg,-1,-1,-1,-1,-1,-1,-1,-1,-1,1,-1,1,4
15015.jpg,-1,-1,-1,-1,1,-1,-1,-1,-1,-1,-1,1,3
15019.jpg,-1,-1,-1,-1,-1,-1,-1,-1,-1,1,-1,1,3
15035.jpg,-1,-1,-1,-1,1,-1,-1,-1,-1,-1,1,1,3
15038.jpg,-1,-1,-1,-1,-1,-1,-1,-1,-1,1,-1,1,4
15060.jpg,1,-1,-1,-1,-1,-1,-1,-1,-1,-1,1,1,3
15098.jpg,-1,-1,-1,-1,1,-1,-1,-1,-1,-1,-1,1,3
15132.jpg,-1,-1,-1,-1,-1,-1,-1,-1,-1,-1,1,1,4
15138.jpg,-1,-1,-1,-1,1,-1,-1,-1,-1,-1,-1,1,4
15142.jpg,-1,-1,-1,-1,-1,-1,-1,-1,-1,-1,-1,1,4
15164.jpg,-1,-1,-1,-1,1,-1,-1,-1,-1,1,1,1,3
15168.jpg,-1,-1,-1,-1,1,-1,-1,-1,-1,-1,1,1,3
15178.jpg,-1,-1,-1,-1,-1,-1,-1,-1,-1,1,-1,1,4
15207.jpg,-1,-1,-1,-1,1,-1,-1,-1,-1,1,1,1,3
15243.jpg,-1,-1,-1,-1,-1,-1,-1,-1,-1,1,-1,1,4
15244.jpg,-1,-1,-1,-1,1,-1,-1,-1,-1,-1,1,1,3
15325.jpg,-1,-1,-1,-1,-1,-1,-1,-1,-1,-1,1,1,3
15341.jpg,-1,-1,-1,-1,-1,1,-1,-1,-1,-1,1,1,3
15347.jpg,-1,-1,-1,-1,-1,-1,-1,-1,1,-1,-1,1,4
15348.jpg,-1,-1,-1,-1,-1,-1,-1,-1,-1,1,-1,1,4
15370.jpg,-1,-1,-1,-1,1,-1,-1,-1,-1,1,1,1,4
15376.jpg,-1,-1,-1,-1,1,-1,-1,-1,-1,1,1,1,3
15457.jpg,-1,-1,-1,-1,-1,-1,-1,-1,-1,1,1,1,3
15505.jpg,-1,-1,-1,-1,1,-1,-1,-1,-1,1,1,1,3
15520.jpg,-1,-1,-1,-1,-1,-1,-1,-1,-1,-1,1,1,3
15595.jpg,-1,-1,-1,-1,1,1,-1,-1,-1,-1,1,1,3
15614.jpg,-1,-1,-1,-1,-1,-1,-1,-1,-1,1,-1,1,3
15623.jpg,-1,-1,-1,-1,1,-1,-1,-1,-1,-1,1,1,3
15654.jpg,-1,-1,-1,-1,1,-1,-1,-1,-1,1,1,1,3
15656.jpg,-1,-1,-1,-1,1,-1,-1,-1,-1,-1,1,1,3
15705.jpg,-1,-1,-1,-1,-1,-1,-1,-1,-1,1,-1,1,4
15730.jpg,-1,-1,-1,-1,1,-1,-1,-1,-1,-1,-1,1,3
15732.jpg,-1,-1,-1,-1,1,-1,-1,-1,-1,-1,1,1,3
15752.jpg,-1,-1,-1,-1,-1,-1,-1,-1,-1,-1,-1,1,4
15764.jpg,-1,-1,-1,-1,1,-1,-1,-1,-1,1,-1,1,3
15815.jpg,-1,-1,-1,-1,1,-1,-1,-1,-1,-1,1,1,3
15837.jpg,-1,-1,-1,-1,-1,-1,-1,-1,1,1,-1,1,3
15855.jpg,-1,-1,-1,-1,-1,-1,-1,-1,-1,1,-1,1,4
15918.jpg,-1,-1,-1,-1,1,-1,-1,-1,-1,1,-1,1,4
15987.jpg,-1,-1,-1,-1,1,-1,-1,-1,-1,1,1,1,3
15988.jpg,-1,-1,-1,1,-1,-1,-1,-1,-1,-1,1,1,3
15993.jpg,-1,-1,-1,-1,-1,-1,-1,-1,-1,1,-1,1,3
16040.jpg,-1,-1,-1,-1,-1,-1,-1,-1,-1,-1,1,1,3
16053.jpg,-1,-1,-1,-1,1,-1,-1,-1,-1,-1,1,1,3
16106.jpg,1,-1,-1,-1,-1,-1,-1,-1,1,-1,1,1,3
16116.jpg,-1,-1,-1,-1,-1,-1,-1,-1,1,1,-1,1,4
16119.jpg,-1,-1,-1,-1,-1,-1,-1,-1,-1,-1,-1,1,4
16158.jpg,-1,-1,-1,1,-1,-1,-1,-1,-1,-1,1,1,3
16246.jpg,-1,-1,-1,-1,-1,-1,-1,-1,-1,1,-1,1,4
16284.jpg,-1,-1,-1,-1,-1,-1,-1,-1,1,1,1,1,4
16576.jpg,-1,-1,-1,-1,-1,-1,-1,-1,-1,1,-1,1,4
16621.jpg,-1,-1,-1,-1,-1,-1,-1,-1,1,1,-1,1,4
16771.jpg,-1,-1,-1,-1,-1,-1,-1,-1,-1,1,-1,1,4
16782.jpg,-1,-1,-1,-1,-1,-1,-1,-1,-1,1,-1,1,4
16793.jpg,-1,-1,-1,-1,-1,-1,-1,-1,1,1,-1,1,4
16873.jpg,-1,-1,-1,-1,1,-1,-1,-1,-1,1,1,1,4
16887.jpg,-1,-1,-1,-1,-1,-1,-1,-1,-1,1,-1,1,4
16899.jpg,-1,-1,-1,-1,-1,-1,-1,-1,1,1,-1,1,4
16936.jpg,-1,-1,-1,-1,-1,-1,-1,-1,-1,1,1,1,4
16946.jpg,1,-1,-1,-1,-1,-1,-1,-1,1,-1,1,1,4
17090.jpg,-1,-1,-1,-1,-1,-1,-1,-1,1,1,1,1,4
17096.jpg,-1,-1,-1,-1,-1,-1,-1,-1,1,1,-1,1,4
17158.jpg,-1,-1,-1,-1,-1,-1,-1,-1,-1,1,-1,1,4
17189.jpg,-1,-1,-1,-1,-1,-1,-1,-1,-1,1,-1,1,4
17192.jpg,-1,-1,-1,-1,-1,-1,-1,-1,-1,1,-1,1,4
17212.jpg,-1,-1,-1,-1,-1,-1,-1,-1,1,1,-1,1,4
17389.jpg,-1,-1,-1,-1,-1,-1,-1,-1,-1,1,-1,1,4
17396.jpg,-1,-1,-1,-1,-1,-1,-1,-1,1,1,-1,1,4
17430.jpg,-1,-1,-1,-1,-1,-1,-1,-1,1,1,-1,1,4
17476.jpg,-1,-1,-1,-1,-1,-1,-1,-1,1,-1,-1,1,4
17581.jpg,-1,-1,-1,-1,-1,-1,-1,-1,-1,-1,-1,1,4
17599.jpg,-1,-1,-1,-1,1,-1,-1,-1,-1,-1,1,1,4
17721.jpg,-1,-1,-1,-1,-1,-1,-1,-1,1,1,-1,1,4
17738.jpg,-1,-1,-1,-1,-1,-1,-1,-1,1,1,-1,1,4
17860.jpg,-1,-1,-1,-1,-1,-1,-1,-1,1,1,-1,1,4
17864.jpg,-1,-1,-1,-1,-1,-1,-1,-1,-1,-1,-1,1,4
17965.jpg,-1,-1,-1,-1,-1,-1,-1,-1,-1,1,-1,1,4
18086.jpg,-1,-1,-1,-1,-1,-1,-1,-1,1,1,1,1,4
18117.jpg,-1,-1,-1,-1,-1,-1,-1,-1,-1,1,-1,1,4
18287.jpg,-1,-1,-1,-1,-1,-1,-1,-1,-1,1,-1,1,4
18325.jpg,-1,-1,-1,-1,-1,-1,-1,-1,-1,1,1,1,4
18351.jpg,-1,-1,-1,-1,-1,-1,-1,-1,1,-1,-1,1,4
18373.jpg,-1,-1,-1,-1,-1,-1,-1,-1,1,1,1,1,4
18390.jpg,-1,-1,-1,-1,-1,-1,-1,-1,1,-1,-1,1,4
18561.jpg,-1,-1,-1,-1,-1,-1,-1,-1,-1,1,-1,1,4
18726.jpg,-1,-1,-1,-1,-1,-1,-1,-1,1,1,1,1,4
18803.jpg,-1,-1,-1,-1,-1,-1,-1,-1,-1,1,-1,1,4
18814.jpg,-1,-1,-1,-1,-1,-1,-1,-1,-1,-1,-1,1,4
18848.jpg,-1,-1,-1,-1,-1,-1,-1,-1,-1,1,-1,1,4
18863.jpg,-1,-1,-1,-1,-1,-1,-1,-1,1,-1,-1,1,4
18869.jpg,-1,-1,-1,-1,-1,-1,-1,-1,1,1,-1,1,4
18876.jpg,-1,-1,-1,-1,-1,-1,-1,-1,-1,1,-1,1,4
19018.jpg,-1,-1,-1,-1,-1,-1,-1,-1,-1,1,-1,1,4
19158.jpg,-1,-1,-1,-1,1,-1,-1,-1,-1,1,1,1,4
19194.jpg,-1,-1,-1,-1,-1,-1,-1,-1,-1,1,-1,1,4
19259.jpg,-1,-1,-1,-1,-1,-1,-1,-1,-1,1,-1,1,4
19365.jpg,-1,-1,-1,-1,-1,-1,-1,-1,1,-1,-1,1,4
19698.jpg,-1,-1,-1,-1,-1,-1,-1,-1,-1,-1,1,1,4
19838.jpg,-1,-1,-1,-1,-1,-1,-1,-1,1,-1,-1,1,4
19886.jpg,-1,-1,-1,-1,-1,-1,-1,-1,-1,1,-1,1,4
19905.jpg,-1,-1,-1,-1,-1,-1,-1,-1,-1,1,-1,1,4
19908.jpg,-1,-1,-1,-1,-1,-1,-1,-1,-1,1,-1,1,4
20034.jpg,-1,-1,-1,-1,-1,-1,-1,-1,-1,1,-1,1,4
20042.jpg,-1,-1,-1,-1,-1,-1,-1,-1,1,1,-1,1,4
20550.jpg,-1,-1,-1,-1,-1,-1,-1,-1,-1,1,-1,1,4
20665.jpg,-1,-1,1,-1,-1,-1,-1,-1,-1,-1,1,1,4
20809.jpg,-1,-1,-1,-1,-1,-1,-1,-1,-1,1,-1,1,4
20925.jpg,-1,-1,-1,-1,-1,-1,-1,-1,-1,1,-1,1,4
21184.jpg,-1,-1,-1,-1,-1,-1,-1,-1,-1,1,-1,1,4
21195.jpg,-1,-1,-1,-1,-1,-1,-1,-1,1,1,-1,1,4
21258.jpg,-1,-1,-1,-1,-1,-1,-1,-1,1,-1,-1,1,4
21389.jpg,-1,-1,-1,-1,1,-1,-1,-1,-1,1,1,1,4
21398.jpg,-1,-1,-1,-1,-1,-1,-1,-1,-1,1,-1,1,4
21847.jpg,-1,-1,-1,-1,-1,-1,-1,-1,-1,1,-1,1,4